"learning_objective","description","predictedItem","itemTitle"
"learning_objective_01","La relation médecin-malade","1","La relation médecin-malade dans le cadre du colloque singulier ou au sein d’une équipe, le cas échéant pluriprofessionnelle. La communication avec le patient et son entourage. L’annonce d’une maladie grave ou létale ou d’un dommage associé aux soins. La formation du patient. La personnalisation de la prise en charge médicale."
"learning_objective_02","Les valeurs professionnelles du médecin et des autres professions de santé","2","Les valeurs professionnelles du médecin et des autres professions de santé"
"learning_objective_03","Le raisonnement et la décision en médecine","3","Le raisonnement et la décision en médecine. La médecine fondée sur les preuves (Evidence Based Medicine, EBM). La décision médicale partagée. La controverse"
"learning_objective_04","La sécurité du patient. La gestion des risques. Les évènements indésirables associés aux soins (EIAS)","4","Qualité et sécurité des soins. La sécurité du patient. La gestion des risques. Les événements indésirables associés aux soins (EIAS). Démarche qualité et évaluation des pratiques professionnelles"
"learning_objective_05","La gestion des erreurs et des plaintes , l'aléa thérapeutique","5","Responsabilités médicale pénale, civile, administrative et disciplinaire. La gestion des erreurs et des plaintes ; l’aléa thérapeutique"
"learning_objective_06","L'organisation de l'exercice clinique et les méthodes qui permettent de sécuriser le parcours du patient","6","L’organisation de l’exercice clinique et les méthodes qui permettent de sécuriser le parcours du patient"
"learning_objective_07","Les droits individuels et collectifs du patient","7","Les droits individuels et collectifs du patient"
"learning_objective_079","Altération de la fonction visuelle (voir item 127)","82","Altération aiguë de la vision"
"learning_objective_08","Ethique médicale","0","Item Not Found"
"learning_objective_080","Anomalie de la vision d'apparition brutale","82","Altération aiguë de la vision"
"learning_objective_081","Oeil rouge et/ou douloureux","83","Infections et inflammations oculaires"
"learning_objective_082","Glaucome chronique","84","Glaucomes"
"learning_objective_083","Troubles de la réfraction","85","Troubles de la réfraction"
"learning_objective_084","Pathologie des paupières","86","Pathologie des paupières"
"learning_objective_085","Epistaxis","87","Epistaxis"
"learning_objective_086","Trouble aigu de la parole. Dysphonie","88","Trouble aigu de la parole. Dysphonie"
"learning_objective_087","Altération de la fonction auditive (voir item 127)","89","Altération de la fonction auditive"
"learning_objective_088","Pathologie des glandes salivaires","90","Pathologie des glandes salivaires"
"learning_objective_089","Déficit neurologique récent (voir item 335)","0","Item Not Found"
"learning_objective_09","Certificats médicaux. Décès et législation. Prélèvements d'organes et législation","13","Certificats médicaux. Décès et législation"
"learning_objective_090","Déficit moteur et/ou sensitif des membres","92","Déficit moteur et/ou sensitif des membres"
"learning_objective_091","Compression médullaire non traumatique et syndrome de la queue de cheval","93","Compression médullaire non traumatique et syndrome de la queue de cheval"
"learning_objective_092","Rachialgie","94","Rachialgie"
"learning_objective_093","Radiculalgie et syndrome canalaire","95","Radiculalgie et syndrome canalaire"
"learning_objective_094","Neuropathies périphériques","96","Neuropathies périphériques"
"learning_objective_095","Polyradiculonévrite aiguë inflammatoire (syndrome de Guillain-Barré)","97","Polyradiculonévrite aiguë inflammatoire (syndrome de Guillain-Barré)"
"learning_objective_096","Myasthénie","98","Myasthénie"
"learning_objective_097","Migraine, névralgie du trijumeau et algies de la face","99","Migraine, névralgie du trijumeau et algies de la face"
"learning_objective_098","Céphalée aiguë et chronique chez l'adulte et l'enfant","100","Céphalée inhabituelle aiguë et chronique chez l’adulte et l’enfant"
"learning_objective_099","Paralysie faciale","101","Paralysie faciale"
"learning_objective_10","Violences sexuelles","12","Violences sexuelles"
"learning_objective_100","Diplopie","102","Diplopie"
"learning_objective_101","Vertige","103","Vertige"
"learning_objective_102","Sclérose en plaques","104","Sclérose en plaques"
"learning_objective_103","Épilepsie de l'enfant et de l'adulte","105","Épilepsie de l’enfant et de l’adulte"
"learning_objective_104","Maladie de Parkinson","106","Maladie de Parkinson"
"learning_objective_105","Mouvements anormaux","0","Item Not Found"
"learning_objective_106","Confusion, démences (voir item 129).","108","Confusion, démences."
"learning_objective_107","Troubles de la marche et de l'équilibre","109","Troubles de la marche et de l’équilibre"
"learning_objective_108","Troubles du sommeil de l'enfant et de l'adulte","110","Troubles du sommeil de l’enfant et de l’adulte"
"learning_objective_109","Dermatoses faciales : acné, rosacée, dermatite séborrhéique","111","Dermatoses faciales : acné, rosacée, dermatite séborrhéique"
"learning_objective_11","Soins psychiatriques sans consentement","15","Soins psychiatriques sans consentement"
"learning_objective_110","Dermatose bulleuse touchant la peau et/ou les muqueuses externes","112","Dermatose bulleuse touchant la peau et/ou les muqueuses externes"
"learning_objective_111","Hémangiomes et malformations vasculaires cutanées","0","Item Not Found"
"learning_objective_112","Exanthème et érythrodermie de l'adulte et de l'enfant","114","Exanthème et érythrodermie de l’adulte et de l’enfant."
"learning_objective_113","Prurit","116","Prurit"
"learning_objective_114","Psoriasis","117","Psoriasis"
"learning_objective_115","La personne handicapée : bases de l'évaluation fonctionnelle et thérapeutique","118","La personne handicapée : bases de l’évaluation fonctionnelle et thérapeutique."
"learning_objective_116","Complications de l'immobilité et du décubitus. Prévention et prise en charge","120","Complications de l’immobilité et du décubitus. Prévention et prise en charge"
"learning_objective_117","Le handicap psychique (voir item 54 et 115)","121","Le handicap psychique."
"learning_objective_118","Principales techniques de rééducation et de réadaptation (voir item 53)","122","Principales techniques de rééducation et de réadaptation."
"learning_objective_119","Vieillissement normal : aspects biologiques, fonctionnels et relationnels.","123","Vieillissement normal : aspects biologiques, fonctionnels et relationnels. Données épidémiologiques et sociologiques. Prévention du vieillissement pathologique"
"learning_objective_12","Responsabilités médicale pénale, civile, administrative et disciplinaire","5","Responsabilités médicale pénale, civile, administrative et disciplinaire. La gestion des erreurs et des plaintes ; l’aléa thérapeutique"
"learning_objective_120","Ménopause et andropause","124","Ménopause, insuffisance ovarienne prématurée, andropause, déficit androgénique lié à l’âge."
"learning_objective_121","Troubles de la miction et incontinence urinaire de l'adulte et du sujet âgé","0","Item Not Found"
"learning_objective_122","Trouble de l'érection","126","Trouble de l’érection"
"learning_objective_123","Hypertrophie bénigne de la prostate","0","Item Not Found"
"learning_objective_124","Ostéopathies fragilisantes","128","Ostéopathies fragilisantes"
"learning_objective_125","Arthrose","129","Arthrose"
"learning_objective_126","La personne âgée malade : particularités sémiologiques, psychologiques et thérapeutiques","130","La personne âgée malade : particularités sémiologiques, psychologiques et thérapeutiques."
"learning_objective_127","Déficit neurosensoriel chez le sujet âgé (voir item 79 et item 87)","0","Item Not Found"
"learning_objective_128","Troubles de la marche et de l'équilibre (voir item 107)","109","Troubles de la marche et de l’équilibre"
"learning_objective_129","Troubles cognitifs du sujet âgé (voir item 106)","132","Troubles cognitifs du sujet âgé."
"learning_objective_13","Principes d'une démarche qualité et évaluation des pratiques professionnelles","4","Qualité et sécurité des soins. La sécurité du patient. La gestion des risques. Les événements indésirables associés aux soins (EIAS). Démarche qualité et évaluation des pratiques professionnelles"
"learning_objective_130","Autonomie et dépendance chez le sujet âgé","133","Autonomie et dépendance chez le sujet âgé"
"learning_objective_131","Bases neurophysiologiques, mécanismes physiopathologiques d'une douleur aiguë et d'une douleur chronique","134","Bases neurophysiologiques, mécanismes physiopathologiques d’une douleur aiguë et d’une douleur chronique"
"learning_objective_240","Hyperthyroïdie","242","Hyperthyroïdie"
"learning_objective_132","Thérapeutiques antalgiques, médicamenteuses et non médicamenteuses","135","Thérapeutiques antalgiques, médicamenteuses et non médicamenteuses."
"learning_objective_133","Anesthésie locale, locorégionale et générale","136","Anesthésie locale, locorégionale et générale"
"learning_objective_134","Douleur chez l'enfant : évaluation et traitements antalgiques","137","Douleur chez l’enfant : évaluation et traitements antalgique"
"learning_objective_135","Douleur en santé mentale","138","Douleur chez la personne vulnérable"
"learning_objective_136","Soins palliatifs pluridisciplinaires chez un malade en phase palliative ou terminale d'une maladie grave, chronique ou létale (1).","139","Soins palliatifs pluridisciplinaires chez un malade en phase palliative ou terminale d’une maladie grave, chronique ou létale (1). Principaux repères cliniques. Modalités d’organisation des équipes, en établissement de santé et en et en ambulatoire"
"learning_objective_137","Soins palliatifs pluridisciplinaires chez un malade en phase palliative ou terminale d'une maladie grave, chronique ou létale (2).","139","Soins palliatifs pluridisciplinaires chez un malade en phase palliative ou terminale d’une maladie grave, chronique ou létale (1). Principaux repères cliniques. Modalités d’organisation des équipes, en établissement de santé et en et en ambulatoire"
"learning_objective_138","Soins palliatifs pluridisciplinaires chez un malade en phase palliative ou terminale d'une maladie grave, chronique ou létale (3).","141","Soins palliatifs pluridisciplinaires chez un malade en phase palliative ou terminale d’une maladie grave, chronique ou létale (3). La sédation pour détresse en phase terminale et dans des situations spécifiques et complexes en fin de vie. Réponse à la demande d’euthanasie ou de suicide assisté"
"learning_objective_139","Connaître les aspects spécifiques des soins palliatifs en pédiatrie","142","Connaître les aspects spécifiques des soins palliatifs en pédiatrie"
"learning_objective_14","Formation tout au long de la vie. Analyse critique d'une information scientifique et médicale. Gestion des liens d'intérêt","20","La méthodologie de la recherche en santé"
"learning_objective_140","Connaître les aspects spécifiques des soins palliatifs en réanimation","143","Connaître les aspects spécifiques des soins palliatifs en réanimation"
"learning_objective_141","Deuil normal et pathologique","144","Deuil normal et pathologique"
"learning_objective_142","Surveillance des maladies infectieuses transmissibles","0","Item Not Found"
"learning_objective_143","Vaccinations","146","Vaccinations"
"learning_objective_144","Fièvre aiguë chez l'enfant et l'adulte","147","Fièvre aiguë chez l’enfant et l’adulte"
"learning_objective_145","Infections naso-sinusiennes de l'adulte et de l'enfant","148","Infections naso-sinusiennes de l’adulte et de l’enfant"
"learning_objective_146","Angines de l'adulte et de l'enfant et rhinopharyngites de l'enfant","149","Angines de l’adulte et de l’enfant"
"learning_objective_147","Otites infectieuses de l'adulte et de l'enfant","150","Otites infectieuses de l’adulte et de l’enfant"
"learning_objective_148","Méningites, méningoencéphalites chez l'adulte et l'enfant","151","Méningites, méningoencéphalites, abcès cérébral chez l’adulte et l’enfant"
"learning_objective_149","Endocardite infectieuse","152","Endocardite infectieuse"
"learning_objective_15","Organisation du système de soins. Sa régulation. Les indicateurs. Parcours de soins","16","Organisation du système de soins. Sa régulation. Les indicateurs. Parcours de soins"
"learning_objective_150","Surveillance des porteurs de valve et prothèses vasculaires","153","Surveillance des porteurs de prothèses valvulaires"
"learning_objective_151","Infections broncho pulmonaires communautaires de l'adulte et de l'enfant","154","Infections broncho pulmonaires communautaires de l’adulte et de l’enfant"
"learning_objective_152","Infections cutanéo-muqueuses et des phanères, bactériennes et mycosiques de l'adulte et de l'enfant","155","Infections cutanéo-muqueuses et des phanères, bactériennes et mycosiques de l’adulte et de l’enfant"
"learning_objective_153","Infections ostéo articulaires (IOA) de l'enfant et de l'adulte","156","Infections ostéo articulaires (IOA) de l’enfant et de l’adulte"
"learning_objective_154","Septicémie/Bactériémie/Fongémie de l'adulte et de l'enfant","158","Sepsis et choc septique de l’enfant et de l’adulte"
"learning_objective_155","Tuberculose de l'adulte et de l'enfant","0","Item Not Found"
"learning_objective_156","Tétanos","160","Tétanos"
"learning_objective_157","Infections urinaires de l'enfant et de l'adulte","161","Infections urinaires de l’enfant et de l’adulte"
"learning_objective_158","Infections sexuellement transmissibles (IST) : gonococcies, chlamydioses, syphilis, papillomavirus humain (HPV), trichomonose","162","Infections sexuellement transmissibles (IST) : gonococcies, chlamydioses, syphilis, papillomavirus humain (HPV), trichomonose"
"learning_objective_159","Coqueluche","163","Coqueluche"
"learning_objective_16","La sécurité sociale. L'assurance maladie. Les assurances complémentaires. La couverture médicale universelle.","0","Item Not Found"
"learning_objective_160","Exanthèmes fébriles de l'enfant","164","Exanthèmes fébriles de l’enfant"
"learning_objective_161","Oreillons","165","Oreillons"
"learning_objective_162","Grippe","166","Grippe"
"learning_objective_163","Hépatites virales","167","Hépatites virales"
"learning_objective_164","Infections à herpès virus du sujet immunocompétent","168","Infections à herpès virus du sujet immunocompétent"
"learning_objective_165","Infections à VIH","169","Infections à VIH"
"learning_objective_166","Paludisme","170","Paludisme"
"learning_objective_167","Gale et pédiculose","171","Gale et pédiculose"
"learning_objective_168","Parasitoses digestives : giardiose, amoebose, téniasis, ascaridiose, oxyurose","172","Parasitoses digestives : giardiose, amoebose, téniasis, ascaridiose, oxyurose, anguillulose, cryptosporidiose"
"learning_objective_169","Zoonoses","173","Zoonoses"
"learning_objective_17","Le système conventionnel","16","Organisation du système de soins. Sa régulation. Les indicateurs. Parcours de soins"
"learning_objective_170","Pathologie infectieuse chez les migrants adultes et enfants","174","Pathologie infectieuse chez les migrants adultes et enfants"
"learning_objective_171","Voyage en pays tropical de l'adulte et de l'enfant : conseils avant le départ, pathologies du retour : fièvre, diarrhée, manifestations cutanées","175","Voyage en pays tropical de l’adulte et de l’enfant : conseils avant le départ, pathologies du retour : fièvre, diarrhée, manifestations cutanées"
"learning_objective_172","Diarrhées infectieuses de l'adulte et de l'enfant","176","Diarrhées infectieuses de l’adulte et de l’enfant"
"learning_objective_173","Prescription et surveillance des anti-infectieux chez l'adulte et l'enfant (voir item 326)","0","Item Not Found"
"learning_objective_174","Risques émergents, bioterrorisme, maladies hautement transmissibles","178","Risques émergents, bioterrorisme, maladies hautement transmissibles"
"learning_objective_175","Risques sanitaires liés à l'eau et à l'alimentation. Toxi-infections alimentaires","179","Risques sanitaires liés à l’eau et à l’alimentation. Toxi-infections alimentaires"
"learning_objective_176","Risques sanitaires liés aux irradiations. Radioprotection","180","Risques sanitaires liés aux irradiations. Radioprotection"
"learning_objective_177","La sécurité sanitaire des produits destinés à l'homme. La veille sanitaire (voir item 322)","181","La sécurité sanitaire des produits destinés à l’homme. La veille sanitaire"
"learning_objective_178","Environnement professionnel et santé au travail","182","Environnement professionnel et santé au travail"
"learning_objective_179","Organisation de la médecine du travail. Prévention des risques professionnels","183","Organisation de la médecine du travail. Prévention des risques professionnels"
"learning_objective_18","La méthodologie de la recherche expérimentale et clinique","20","La méthodologie de la recherche en santé"
"learning_objective_180","Accidents du travail et maladies professionnelles : définitions et enjeux","184","Accidents du travail et maladies professionnelles : définition et enjeux"
"learning_objective_181","Réaction inflammatoire : aspects biologiques et cliniques. Conduite à tenir","185","Réaction inflammatoire : aspects biologiques et cliniques. Conduite à tenir"
"learning_objective_182","Hypersensibilités et Allergies chez l'enfant et l'adulte : aspects physiopathologiques, épidémiologiques, diagnostiques et principes de traitement","186","Hypersensibilités et allergies chez l’enfant et l’adulte : aspects physiopathologiques, épidémiologiques, diagnostiques et principes de traitement"
"learning_objective_183","Hypersensibilités et Allergies cutanéomuqueuses chez l'enfant et l'adulte. Urticaire, dermatites atopique et de contact","187","Hypersensibilités et allergies cutanéomuqueuses chez l’enfant et l’adulte. Urticaire, dermatites atopique et de contact"
"learning_objective_184","Hypersensibilité et Allergies respiratoires chez l'enfant et chez l'adulte. Asthme, rhinite","188","Hypersensibilité et allergies respiratoires chez l’enfant et chez l’adulte. Asthme, rhinite"
"learning_objective_185","Déficit immunitaire","189","Déficit immunitaire"
"learning_objective_186","Fièvre prolongée","190","Fièvre prolongée"
"learning_objective_187","Fièvre chez un patient immunodéprimé","191","Fièvre chez un patient immunodéprimé"
"learning_objective_188","Pathologies auto-immunes : aspects épidémiologiques, diagnostiques et principes de traitement","192","Pathologies auto-immunes : aspects épidémiologiques, diagnostiques et principes de traitement"
"learning_objective_189","Connaître les principaux types de vascularite systémique, les organes cibles, les outils diagnostiques et les moyens thérapeutiques","193","Connaître les principaux types de vascularite systémique, les organes cibles, les outils diagnostiques et les moyens thérapeutiques"
"learning_objective_19","Mesure de l'état de santé de la population","21","Mesure de l’état de santé de la population"
"learning_objective_190","Lupus érythémateux disséminé. Syndrome des anti-phospholipides","194","Lupus systémique (LS). Syndrome des anti-phospholipides (SAPL)"
"learning_objective_191","Artérite à cellules géantes","195","Artérite à cellules géantes"
"learning_objective_192","Polyarthrite rhumatoïde","196","Polyarthrite rhumatoïde"
"learning_objective_193","Spondyloarthrite ankylosante","197","Spondyloarthrite"
"learning_objective_194","Arthropathie microcristalline","198","Arthropathies microcristallines"
"learning_objective_195","Syndrome douloureux régional complexe (ex algodystrophie)","199","Syndrome douloureux régional complexe (ex algodystrophie)"
"learning_objective_196","Douleur et épanchement articulaire. Arthrite d'évolution récente","200","Douleur et épanchement articulaire. Arthrite d’évolution récente"
"learning_objective_197","Transplantation d'organes : Aspects épidémiologiques et immunologiques , principes de traitement et surveillance , complications et pronostic , aspects éthiques et légaux","201","Transplantation d’organes : aspects épidémiologiques et immunologiques ; principes de traitement et surveillance ; complications et pronostic ; aspects éthiques et légaux. Prélèvements d’organes et législation"
"learning_objective_198","Biothérapies et thérapies ciblées","202","Biothérapies et thérapies ciblées"
"learning_objective_199","Dyspnée aiguë et chronique","203","Dyspnée aiguë et chronique"
"learning_objective_20","Interprétation d'une enquête épidémiologique","4","Qualité et sécurité des soins. La sécurité du patient. La gestion des risques. Les événements indésirables associés aux soins (EIAS). Démarche qualité et évaluation des pratiques professionnelles"
"learning_objective_200","Toux chez l'enfant et chez l'adulte (avec le traitement)","204","Toux chez l’enfant et chez l’adulte (avec le traitement)"
"learning_objective_201","Hémoptysie","205","Hémoptysie"
"learning_objective_202","Epanchement pleural","0","Item Not Found"
"learning_objective_203","Opacités et masses intra-thoraciques chez l'enfant et chez l'adulte","207","Opacités et masses intra-thoraciques chez l’enfant et chez l’adulte"
"learning_objective_204","Insuffisance respiratoire chronique","208","Insuffisance respiratoire chronique"
"learning_objective_205","Bronchopneumopathie chronique obstructive chez l'adulte et l'enfant","209","Bronchopneumopathie chronique obstructive chez l’adulte"
"learning_objective_206","Pneumopathie interstitielle diffuse","210","Pneumopathie interstitielle diffuse"
"learning_objective_207","Sarcoïdose","211","Sarcoïdose"
"learning_objective_208","Hémogramme chez l'adulte et l'enfant : indications et interprétation","212","Hémogramme chez l’adulte et l’enfant : indications et interprétation"
"learning_objective_209","Anémie chez l'adulte et l'enfant","213","Anémie chez l’adulte et l’enfant"
"learning_objective_21","Examen prénuptial","23","Grossesse normale"
"learning_objective_210","Thrombopénie chez l'adulte et l'enfant","214","Thrombopénie chez l’adulte et l’enfant"
"learning_objective_211","Purpuras chez l'adulte et l'enfant","215","Purpuras chez l’adulte et l’enfant"
"learning_objective_212","Syndrome hémorragique d'origine hématologique","216","Syndrome hémorragique d’origine hématologique"
"learning_objective_213","Syndrome mononucléosique","217","Syndrome mononucléosique"
"learning_objective_214","Eosinophilie","218","Éosinophilie"
"learning_objective_215","Pathologie du fer chez l'adulte et l'enfant","219","Pathologie du fer chez l’adulte et l’enfant"
"learning_objective_216","Adénopathie superficielle de l'adulte et de l'enfant","220","Adénopathie superficielle de l’adulte et de l’enfant"
"learning_objective_217","Amylose","251","Amaigrissement à tous les âges"
"learning_objective_218","Athérome : épidémiologie et physiopathologie. Le malade poly-athéromateux","221","Athérome : épidémiologie et physiopathologie. Le malade poly-athéromateux"
"learning_objective_219","Facteurs de risque cardio-vasculaire et prévention","222","Facteurs de risque cardio-vasculaire et prévention"
"learning_objective_22","Grossesse normale","23","Grossesse normale"
"learning_objective_220","Dyslipidémies","223","Dyslipidémies"
"learning_objective_221","Hypertension artérielle de l'adulte","224","Hypertension artérielle de l’adulte et de l’enfant"
"learning_objective_222","Hypertension artérielle pulmonaire de l'enfant et de l'adulte","224","Hypertension artérielle de l’adulte et de l’enfant"
"learning_objective_223","Artériopathie oblitérante de l'aorte, des artères viscérales et des membres inférieurs , anévrysmes","225","Artériopathie de l’aorte, des artères viscérales et des membres inférieurs ; anévrysmes"
"learning_objective_224","Thrombose veineuse profonde et embolie pulmonaire (voir item 326)","0","Item Not Found"
"learning_objective_225","Insuffisance veineuse chronique. Varices","229","Surveillance et complications des abords veineux"
"learning_objective_226","Ulcère de jambe","228","Ulcère de jambe"
"learning_objective_227","Surveillance et complications des abords veineux","229","Surveillance et complications des abords veineux"
"learning_objective_228","Douleur thoracique aiguë et chronique","230","Douleur thoracique aiguë"
"learning_objective_229","Électrocardiogramme : indications et interprétations","0","Item Not Found"
"learning_objective_23","Principales complications de la grossesse","24","Principales complications de la grossesse."
"learning_objective_230","Fibrillation atriale","232","Fibrillation atriale"
"learning_objective_231","Valvulopathies","233","Valvulopathies"
"learning_objective_232","Insuffisance cardiaque de l'adulte","234","Insuffisance cardiaque de l’adulte"
"learning_objective_233","Péricardite aiguë","235","Péricardite aiguë"
"learning_objective_234","Troubles de la conduction intracardiaque","236","Troubles de la conduction intracardiaque"
"learning_objective_235","Palpitations","0","Item Not Found"
"learning_objective_236","Souffle cardiaque chez l'enfant","238","Souffle cardiaque chez l’enfant"
"learning_objective_237","Acrosyndromes (phénomène de Raynaud, érythermalgie, acrocyanose, engelures, ischémie digitale)","239","Acrosyndromes (phénomène de Raynaud, érythermalgie, acrocyanose, engelures, ischémie digitale)"
"learning_objective_238","Hypoglycémie chez l'adulte et l'enfant","240","Hypoglycémie chez l’adulte et l’enfant"
"learning_objective_239","Goitre, nodules thyroïdiens et cancers thyroïdiens","241","Goitre, nodules thyroïdiens et cancers thyroïdiens"
"learning_objective_24","Grossesse extra-utérine","25","Grossesse extra-utérine"
"learning_objective_241","Hypothyroïdie","243","Hypothyroïdie"
"learning_objective_242","Adénome hypophysaire","244","Adénome hypophysaire"
"learning_objective_243","Insuffisance surrénale chez l'adulte et l'enfant","245","Insuffisance surrénale chez l’adulte et l’enfant"
"learning_objective_244","Gynécomastie","246","Gynécomastie"
"learning_objective_245","Diabète sucré de types 1 et 2 de l'enfant et de l'adulte. Complications","247","Diabète sucré de type 1 et 2 de l’enfant et de l’adulte. Complications"
"learning_objective_246","Prévention primaire par la nutrition chez l'adulte et l'enfant","248","Prévention primaire par la nutrition chez l’adulte et l’enfant"
"learning_objective_247","Modifications thérapeutiques du mode de vie (alimentation et activité physique) chez l'adulte et l'enfant","249","Modifications thérapeutiques du mode de vie (alimentation et activité physique) chez l’adulte et l’enfant"
"learning_objective_248","Dénutrition chez l'adulte et l'enfant","250","Dénutrition chez l’adulte et l’enfant"
"learning_objective_249","Amaigrissement à tous les âges","251","Amaigrissement à tous les âges"
"learning_objective_25","Douleur abdominale aiguë chez une femme enceinte","26","Douleur abdominale aiguë chez une femme enceinte"
"learning_objective_250","Troubles nutritionnels chez le sujet âgé","248","Prévention primaire par la nutrition chez l’adulte et l’enfant"
"learning_objective_251","Obésité de l'enfant et de l'adulte (voir item 69)","253","Obésité de l’enfant et de l’adulte"
"learning_objective_252","Nutrition et grossesse","254","Besoins nutritionnels de la femme enceinte"
"learning_objective_253","Aptitude au sport chez l'adulte et l'enfant , besoins nutritionnels chez le sportif (voir item 78)","256","Aptitude au sport chez l’adulte et l’enfant ; besoins nutritionnels chez le sportif"
"learning_objective_254","Oedèmes des membres inférieurs localisés ou généralisés","257","Œdèmes des membres inférieurs localisés ou généralisés"
"learning_objective_255","Élévation de la créatininémie","258","Élévation de la créatininémie"
"learning_objective_256","Protéinurie et syndrome néphrotique de chez l'l'adulte et de l'enfant","259","Protéinurie et syndrome néphrotique chez l’adulte et de l’enfant"
"learning_objective_257","Hématurie","260","Hématurie"
"learning_objective_258","Néphropathie glomérulaire","261","Néphropathie glomérulaire"
"learning_objective_259","Néphropathie interstitielle","262","Néphropathies interstitielles"
"learning_objective_26","Prévention des risques foetaux : infection, médicaments, toxiques, irradiation","27","Prévention des risques fœtaux : infection, médicaments, toxiques, irradiation"
"learning_objective_260","Néphropathie vasculaire","263","Néphropathies vasculaires"
"learning_objective_261","Insuffisance rénale chronique chez l'adulte et l'enfant","264","Insuffisance rénale chronique chez l’adulte et l’enfant"
"learning_objective_262","Lithiase urinaire","265","Lithiase urinaire"
"learning_objective_263","Polykystose rénale","266","Polykystose rénale"
"learning_objective_264","Prescription et surveillance des diurétiques (voir item 326)","326","Cadre réglementaire de la prescription thérapeutique et recommandations pour le bon usage"
"learning_objective_265","Troubles de l'équilibre acido-basique et désordres hydro-électrolytiques","267","Troubles de l’équilibre acido-basique et désordres hydro-électrolytiques"
"learning_objective_266","Hypercalcémie","268","Hypercalcémie"
"learning_objective_267","Douleurs abdominales et lombaires aiguës chez l'enfant et chez l'adulte","0","Item Not Found"
"learning_objective_268","Reflux gastro-'sophagien chez le nourrisson, chez l'enfant et chez l'adulte. Hernie hiatale","271","Reflux gastro-œsophagien chez le nourrisson, chez l’enfant et chez l’adulte. Hernie hiatale"
"learning_objective_269","Ulcère gastrique et duodénal. Gastrite","0","Item Not Found"
"learning_objective_27","Connaître les particularités de l'infection urinaire au cours de la grossesse","28","Connaître les particularités de l’infection urinaire au cours de la grossesse"
"learning_objective_270","Dysphagie","0","Item Not Found"
"learning_objective_271","Vomissements du nourrisson, de l'enfant et de l'adulte","274","Vomissements du nourrisson, de l’enfant et de l’adulte"
"learning_objective_272","Splénomégalie","275","Splénomégalie"
"learning_objective_273","Hépatomégalie et masse abdominale","276","Hépatomégalie et masse abdominale"
"learning_objective_274","Lithiase biliaire et complications","277","Lithiase biliaire et complications"
"learning_objective_275","Ictère","278","Ictère de l’adulte et de l’enfant"
"learning_objective_276","Cirrhose et complications","279","Cirrhose et complications"
"learning_objective_277","Ascite","280","Ascite"
"learning_objective_278","Pancréatite chronique","281","Pancréatite chronique"
"learning_objective_279","Maladies Inflammatoires Chroniques de l'Intestin (MICI) chez l'adulte et l'enfant","282","Maladies inflammatoires chroniques de l’intestin (MICI) chez l’adulte"
"learning_objective_28","Connaître les principaux risques professionnels pour la maternité, liés au travail de la mère.","183","Organisation de la médecine du travail. Prévention des risques professionnels"
"learning_objective_280","Constipation chez l'enfant et l'adulte (avec le traitement)","283","Constipation chez l’enfant et l’adulte"
"learning_objective_281","Colopathie fonctionnelle","284","Colopathie fonctionnelle"
"learning_objective_282","Diarrhée chronique chez l'adulte et l'enfant","285","Diarrhée chronique chez l’adulte et l’enfant"
"learning_objective_283","Diarrhée aiguë et déshydratation chez le nourrisson, l'enfant et l'adulte","286","Diarrhée aiguë et déshydratation chez le nourrisson, l’enfant et l’adulte"
"learning_objective_284","Diverticulose colique et diverticulite aiguë du sigmoïde","287","Diverticulose colique et diverticulite aiguë du sigmoïde"
"learning_objective_285","Pathologie hémorroïdaire","288","Pathologie hémorroïdaire"
"learning_objective_286","Hernie pariétale chez l'enfant et l'adulte","289","Hernie pariétale chez l’enfant et l’adulte"
"learning_objective_287","Epidémiologie, facteurs de risque, prévention et dépistage des cancers","290","Épidémiologie, facteurs de risque, prévention et dépistage des cancers"
"learning_objective_288","Cancer : cancérogénèse, oncogénétique","291","Cancer : cancérogénèse, oncogénétique"
"learning_objective_289","Diagnostic des cancers : signes d'appel et investigations para-cliniques , caractérisation du stade , pronostic","292","Diagnostic des cancers : signes d’appel et investigations para-cliniques ; caractérisation du stade ; pronostic"
"learning_objective_29","Prématurité et retard de croissance intra-utérin : facteurs de risque et prévention","30","Prématurité et retard de croissance intra-utérin : facteurs de risque et prévention"
"learning_objective_290","Le médecin préleveur de cellules et/ou de tissus pour des examens d'Anatomie et Cytologie Pathologiques :","293","Le médecin préleveur de cellules et/ou de tissus pour des examens d’Anatomie et Cytologie Pathologiques : connaître les principes de réalisation, transmission et utilisation des prélèvements à visée sanitaire et de recherche"
"learning_objective_291","Traitement des cancers : chirurgie, radiothérapie, traitements médicaux des cancers (chimiothérapie, thérapies ciblées, immunothérapie).","294","Traitement des cancers : principales modalités, classes thérapeutiques et leurs complications majeures. La décision thérapeutique pluridisciplinaire et l’information du malade"
"learning_objective_292","Prise en charge et accompagnement d'un malade cancéreux à tous les stades de la maladie dont le stade de soins palliatifs en abordant les problématiques techniques, relationnelles, sociales et éthiques.","295","Prise en charge et accompagnement d’un malade atteint de cancer à tous les stades de la maladie dont le stade de soins palliatifs en abordant les problématiques techniques, relationnelles, sociales et éthiques"
"learning_objective_293","Agranulocytose médicamenteuse : conduite à tenir","296","Agranulocytose médicamenteuse : conduite à tenir"
"learning_objective_294","Cancer de l'enfant : particularités épidémiologiques, diagnostiques et thérapeutiques","297","Cancer de l’enfant : particularités épidémiologiques, diagnostiques et thérapeutiques"
"learning_objective_295","Tumeurs de la cavité buccale, naso-sinusiennes et du cavum, et des voies aérodigestives supérieures.","298","Tumeurs de la cavité buccale, naso-sinusiennes et du cavum, et des voies aérodigestives supérieures"
"learning_objective_296","Tumeurs intracrâniennes","299","Tumeurs intracrâniennes"
"learning_objective_297","Tumeurs du col utérin, tumeur du corps utérin","300","Tumeurs du col utérin, tumeur du corps utérin"
"learning_objective_298","Tumeurs du colon et du rectum","301","Tumeurs du colon et du rectum"
"learning_objective_299","Tumeurs cutanées, épithéliales et mélaniques","302","Tumeurs cutanées, épithéliales et mélaniques"
"learning_objective_30","Accouchement, délivrance et suites de couches normales","0","Item Not Found"
"learning_objective_300","Tumeurs de l'estomac","0","Item Not Found"
"learning_objective_301","Tumeurs du foie, primitives et secondaires","304","Tumeurs du foie, primitives et secondaires"
"learning_objective_302","Tumeurs de l''sophage","305","Tumeurs de l’œsophage"
"learning_objective_303","Tumeurs de l'ovaire","306","Tumeurs de l’ovaire"
"learning_objective_304","Tumeurs des os primitives et secondaires","307","Tumeurs des os primitives et secondaires"
"learning_objective_305","Tumeurs du pancréas","308","Tumeurs du pancréas"
"learning_objective_306","Tumeurs du poumon, primitives et secondaires","309","Tumeurs du poumon, primitives et secondaires"
"learning_objective_307","Tumeurs de la prostate","310","Tumeurs de la prostate"
"learning_objective_308","Tumeurs du rein","0","Item Not Found"
"learning_objective_309","Tumeurs du sein","312","Tumeurs du sein"
"learning_objective_31","Évaluation et soins du nouveau-né à terme","32","Évaluation et soins du nouveau-né à terme"
"learning_objective_310","Tumeurs du testicule","313","Tumeurs du testicule"
"learning_objective_311","Tumeurs vésicales","314","Tumeurs vésicales"
"learning_objective_312","Leucémies aiguës","315","Leucémies aiguës"
"learning_objective_313","Syndromes myélodysplasiques","316","Syndromes myélodysplasiques"
"learning_objective_314","Syndromes myéloprolifératifs","316","Syndromes myélodysplasiques"
"learning_objective_315","Leucémies lymphoïdes chroniques","318","Leucémies lymphoïdes chroniques"
"learning_objective_316","Lymphomes malins","319","Lymphomes malins"
"learning_objective_317","Myélome multiple des os","320","Myélome multiple des os"
"learning_objective_318","Principe du bon usage du médicament et des thérapeutiques non médicamenteuses","321","Principe du bon usage du médicament et des thérapeutiques non médicamenteuses"
"learning_objective_319","La décision thérapeutique personnalisée : bon usage dans des situations à risque","326","Cadre réglementaire de la prescription thérapeutique et recommandations pour le bon usage"
"learning_objective_32","Allaitement maternel","33","Allaitement maternel"
"learning_objective_320","Analyser et utiliser les résultats des études cliniques dans la perspective du bon usage - analyse critique, recherche clinique et niveaux de preuve","323","Analyser et utiliser les résultats des études cliniques dans la perspective du bon usage - analyse critique, recherche clinique et niveaux de preuve "
"learning_objective_321","Education thérapeutique, observance et automédication","324","Éducation thérapeutique, observance et automédication"
"learning_objective_322","Identification et gestion des risques liés aux médicaments et aux biomatériaux, risque iatrogène, erreur médicamenteuse (voir item 4 et item 5)","325","Identification et gestion des risques liés aux médicaments et aux biomatériaux, risque iatrogène, erreur médicamenteuse"
"learning_objective_323","Cadre réglementaire de la prescription thérapeutique et recommandations pour le bon usage","326","Cadre réglementaire de la prescription thérapeutique et recommandations pour le bon usage"
"learning_objective_324","Thérapeutiques non médicamenteuses et dispositifs médicaux","328","Thérapeutiques non médicamenteuses et dispositifs médicaux"
"learning_objective_325","Transfusion sanguine et produits dérivés du sang : indications, complications. Hémovigilance","181","La sécurité sanitaire des produits destinés à l’homme. La veille sanitaire"
"learning_objective_326","Prescription et surveillance des classes de médicaments les plus courantes chez l'adulte et chez l'enfant.","330","Prescription et surveillance des classes de médicaments les plus courantes chez l’adulte et chez l’enfant, hors anti-infectieux . Connaître le bon usage des principales classes thérapeutiques"
"learning_objective_327","Arrêt cardio-circulatoire","331","Arrêt cardio-circulatoire"
"learning_objective_328","État de choc. Principales étiologies : hypovolémique, septique (voir item 154), cardiogénique, anaphylactique","332","État de choc. Principales étiologies : hypovolémique, septique, cardio-génique, anaphylactique"
"learning_objective_329","Prise en charge immédiate pré-hospitalière et à l'arrivée à l'hôpital, évaluation des complications chez :","334","Prise en charge immédiate pré-hospitalière et à l’arrivée à l’hôpital, évaluation des complications chez : un brûlé, un polytraumatisé, un traumatisé thoracique, un traumatisé abdominal, un traumatisé des membres et/ou du bassin, un traumatisé du rachis ou vertébro-médullaire, un traumatisé crânien ou crânio-encéphalique"
"learning_objective_33","Suites de couches pathologiques : pathologie maternelle dans les 40 jours","34","Suites de couches pathologiques : pathologie maternelle dans les 40 jours"
"learning_objective_330","Orientation diagnostique et conduite à tenir devant un traumatisme cranio-facial","335","Orientation diagnostique et conduite à tenir devant un traumatisme crânio-facial et oculaire"
"learning_objective_331","Coma non traumatique chez l'adulte et chez l'enfant","336","Coma non traumatique chez l’adulte et chez l’enfant"
"learning_objective_332","Principales intoxications aiguës","337","Principales intoxications aiguës"
"learning_objective_333","Oedème de Quincke et anaphylaxie","338","Œdème de Quincke et anaphylaxie"
"learning_objective_334","Syndromes coronariens aigus","339","Syndromes coronariens aigus"
"learning_objective_335","Accidents vasculaires cérébraux","0","Item Not Found"
"learning_objective_336","Hémorragie méningée","341","Hémorragie méningée"
"learning_objective_337","Malaise, perte de connaissance, crise comitiale chez l'adulte","105","Épilepsie de l’enfant et de l’adulte"
"learning_objective_338","État confusionnel et trouble de conscience chez l'adulte et chez l'enfant","343","État confusionnel et trouble de conscience chez l’adulte et chez l’enfant"
"learning_objective_339","Prise en charge d'une patiente atteinte de pré-éclampsie","344","Prise en charge d’une patiente atteinte de pré-éclampsie"
"learning_objective_34","Anomalies du cycle menstruel. Métrorragies","35","Anomalies du cycle menstruel. Métrorragies"
"learning_objective_340","Malaise grave du nourrisson et mort subite","345","Malaise grave du nourrisson et mort inattendue du nourrisson"
"learning_objective_341","Convulsions chez le nourrisson et chez l'enfant","0","Item Not Found"
"learning_objective_342","Rétention aiguë d'urine","347","Rétention aiguë d’urine"
"learning_objective_343","Insuffisance rénale aiguë - Anurie","348","Insuffisance rénale aiguë - Anurie"
"learning_objective_344","Infection aiguë des parties molles (abcès, panaris, phlegmon des gaines)","349","Infection aiguë des parties molles (abcès, panaris, phlegmon des gaines)"
"learning_objective_345","Grosse jambe rouge aiguë","350","Grosse jambe rouge aiguë"
"learning_objective_346","Agitation et délire aiguë","351","Agitation et délire aigu"
"learning_objective_347","Crise d'angoisse aiguë et attaque de panique","352","Crise d’angoisse aiguë et attaque de panique"
"learning_objective_348","Risque et conduite suicidaires chez l'enfant, l'adolescent et l'adulte : identification et prise en charge","353","Risque et conduite suicidaires chez l’enfant, l’adolescent et l’adulte : identification et prise en charge"
"learning_objective_349","Syndrome occlusif de l'enfant et de l'adulte","354","Syndrome occlusif de l’enfant et de l’adulte"
"learning_objective_35","Contraception","0","Item Not Found"
"learning_objective_350","Hémorragie digestive","0","Item Not Found"
"learning_objective_351","Appendicite de l'enfant et de l'adulte","356","Appendicite de l’enfant et de l’adulte"
"learning_objective_352","Péritonite aiguë chez l'enfant et chez l'adulte","357","Péritonite aiguë chez l’enfant et chez l’adulte"
"learning_objective_353","Pancréatite aiguë","358","Pancréatite aiguë"
"learning_objective_354","Détresse respiratoire aigüe du nourrisson, de l'enfant et de l'adulte","359","Détresse et insuffisance respiratoire aigüe du nourrisson, de l’enfant et de l’adulte"
"learning_objective_355","Insuffisance respiratoire aiguë","359","Détresse et insuffisance respiratoire aigüe du nourrisson, de l’enfant et de l’adulte"
"learning_objective_356","Pneumothorax","360","Pneumothorax"
"learning_objective_357","Lésions péri-articulaires et ligamentaires du genou, de la cheville et de l'épaule","361","Lésions péri-articulaires et ligamentaires du genou, de la cheville et de l’épaule"
"learning_objective_358","Prothèses et ostéosynthèses","362","Prothèses et ostéosynthèses"
"learning_objective_359","Fractures fréquentes de l'adulte et du sujet âgé","363","Fractures fréquentes de l’adulte et du sujet âgé"
"learning_objective_36","Interruption volontaire de grossesse","37","Interruption volontaire de grossesse"
"learning_objective_360","Fractures chez l'enfant : particularités épidémiologiques, diagnostiques et thérapeutiques","364","Fractures chez l’enfant : particularités épidémiologiques, diagnostiques et thérapeutiques"
"learning_objective_361","Surveillance d'un malade sous plâtre, diagnostiquer une complication","365","Surveillance d’un malade sous plâtre/résine"
"learning_objective_362","Exposition accidentelle aux liquides biologiques : conduite à tenir","366","Exposition accidentelle aux liquides biologiques : conduite à tenir"
"learning_objective_37","Stérilité du couple : conduite de la première consultation","38","Infertilité du couple : conduite de la première consultation"
"learning_objective_38","Assistance médicale à la procréation : principaux aspects biologiques, médicaux et éthiques","39","Assistance médicale à la procréation : principaux aspects biologiques, médicaux et éthiques"
"learning_objective_39","Algies pelviennes chez la femme","40","Algies pelviennes chez la femme"
"learning_objective_40","Aménorrhée","42","Aménorrhée"
"learning_objective_41","Hémorragie génitale chez la femme","43","Hémorragie génitale chez la femme"
"learning_objective_42","Tuméfaction pelvienne chez la femme","44","Tuméfaction pelvienne chez la femme"
"learning_objective_43","Problèmes posés par les maladies génétiques, à propos :","45","Spécificités des maladies génétiques."
"learning_objective_44","Suivi d'un nourrisson, d'un enfant et d'un adolescent normal.","47","Suivi d’un nourrisson, d’un enfant et d’un adolescent normal. Dépistage des anomalies orthopédiques, des troubles visuels, auditifs et dentaires. Examens de santé obligatoires. Médecine scolaire. Mortalité et morbidité infantiles"
"learning_objective_45","Alimentation et besoins nutritionnels du nourrisson et de l'enfant","48","Alimentation et besoins nutritionnels du nourrisson et de l’enfant"
"learning_objective_46","Développement buccodentaire et anomalies","90","Pathologie des glandes salivaires"
"learning_objective_47","Puberté normale et pathologique","49","Puberté normale et pathologique"
"learning_objective_48","Pathologie génito-scrotale chez le garçon et chez l'homme","50","Pathologie génito-scrotale chez le garçon et chez l’homme"
"learning_objective_49","Troubles de la miction chez l'enfant","51","Troubles de la miction chez l’enfant"
"learning_objective_50","Strabisme de l'enfant","52","Strabisme et amblyopie de l’enfant"
"learning_objective_51","Retard de croissance staturo-pondérale","53","Retard de croissance staturo-pondérale"
"learning_objective_52","Boiterie chez l'enfant","54","Boiterie chez l’enfant"
"learning_objective_53","Développement psychomoteur du nourrisson et de l'enfant :","55","Développement psychomoteur du nourrisson et de l’enfant : aspects normaux et pathologiques (sommeil, alimentation, contrôles sphinctériens, psychomotricité, langage, intelligence). L’installation précoce de la relation parents-enfant et son importance. Troubles de l’apprentissage."
"learning_objective_54","L'enfant handicapé : orientation et prise en charge (voir items 115, 117)","56","L’enfant handicapé : orientation et prise en charge"
"learning_objective_55","Maltraitance et enfants en danger. Protection maternelle et infantile","57","Maltraitance et enfants en danger. Protection maternelle et infantile"
"learning_objective_56","Sexualité normale et ses troubles","0","Item Not Found"
"learning_objective_57","Sujets en situation de précarité","59","Sujets en situation de précarité"
"learning_objective_58","Connaître les facteurs de risque, prévention, dépistage des troubles psychiques de l'enfant à la personne âgée","60","Connaître les facteurs de risque, prévention, dépistage des troubles psychiques de l’enfant à la personne âgée"
"learning_objective_59","Connaître les bases des classifications des troubles mentaux de l'enfant à la personne âgée","61","Connaître les bases des classifications des troubles mentaux de l’enfant à la personne âgée"
"learning_objective_60","Décrire l'organisation de l'offre de soins en psychiatrie, de l'enfant à la personne âgée","62","Décrire l’organisation de l’offre de soins en psychiatrie, de l’enfant à la personne âgée"
"learning_objective_61","Trouble schizophrénique de l'adolescent et de l'adulte","63","Troubles schizophréniques de l’adolescent et de l’adulte"
"learning_objective_62","Trouble bipolaire de l'adolescent et de l'adulte","64","Troubles bipolaires de l’adolescent et de l’adulte"
"learning_objective_63","Trouble délirant persistant","65","Trouble délirant persistant"
"learning_objective_64","Diagnostiquer : un trouble dépressif, un trouble anxieux généralisé, un trouble panique, un trouble phobique, un trouble obsessionnel compulsif,","66","Diagnostiquer : un trouble dépressif, un trouble anxieux, un trouble obsessionnel compulsif, un trouble de stress post-traumatique, un trouble de l’adaptation, un trouble de la personnalité"
"learning_objective_65","Troubles envahissants du développement (voir items 115, 117, 118, 135)","115","Toxidermies"
"learning_objective_66","Troubles du comportement de l'adolescent","68","Troubles du comportement de l’enfant et de l’adolescent"
"learning_objective_67","Troubles psychiques de la grossesse et du post-partum","69","Troubles psychiques de la grossesse et du post-partum"
"learning_objective_68","Troubles psychiques du sujet âgé","70","Troubles psychiques du sujet âgé"
"learning_objective_69","Troubles des conduites alimentaires chez l'adolescent et l'adulte (voir item 251)","251","Amaigrissement à tous les âges"
"learning_objective_70","Troubles somatoformes à tous les âges","72","Troubles à symptomatologie somatique et apparentés à tous les âges"
"learning_objective_71","Différents types de techniques psychothérapeutiques","73","Différents types de techniques psychothérapeutiques"
"learning_objective_72","Prescription et surveillance des psychotropes (voir item 326)","74","Prescription et surveillance des psychotropes"
"learning_objective_73","Addiction au tabac.","75","Addiction au tabac"
"learning_objective_74","Addiction à l'alcool.","76","Addiction à l’alcool"
"learning_objective_75","Addiction aux médicaments psychotropes (benzodiazépines et apparentés) (voir item 319)","77","Addiction aux médicaments psychotropes (benzodiazépines et apparentés)."
"learning_objective_76","Addiction au cannabis, à la cocaïne, aux amphétamines, aux opiacés, aux drogues de synthèse (voir item 319)","78","Addiction au cannabis, à la cocaïne, aux amphétamines, aux opiacés, aux drogues de synthèse."
"learning_objective_77","Addictions comportementales","79","Addictions comportementales"
"learning_objective_78","Dopage (voir item 253)","80","Dopage et conduites dopantes."
